Последовательность;Код работы.2;Наименование работы;Код работы.3;Наименование работы2;Код работы.4;Наименование работы3;Код работы.5;Наименование работы4
1;003;Работы нулевого цикла;014;Фундаменты;022;Монолитные ростверки;046;Армирование ростверков
1;003;Работы нулевого цикла;015;Конструкция цокольного этажа, в т.ч. приямки, крыльца, пандусы и съезды;026;Бетонирование конструкций цокольной части;054;Армирование монолитных стен и колонн подвала
1;003;Работы нулевого цикла;015;Конструкция цокольного этажа, в т.ч. приямки, крыльца, пандусы и съезды;026;Бетонирование конструкций цокольной части;056;Армирование приямков и лестниц
1;003;Работы нулевого цикла;015;Конструкция цокольного этажа, в т.ч. приямки, крыльца, пандусы и съезды;026;Бетонирование конструкций цокольной части;057;Армирование пандусов и конструкций входных групп
1;003;Работы нулевого цикла;015;Конструкция цокольного этажа, в т.ч. приямки, крыльца, пандусы и съезды;026;Бетонирование конструкций цокольной части;058;Бетонирование приямков и лестниц
1;003;Работы нулевого цикла;015;Конструкция цокольного этажа, в т.ч. приямки, крыльца, пандусы и съезды;026;Бетонирование конструкций цокольной части;059;Бетонирование пандусов и конструкций входных групп
1;003;Работы нулевого цикла;015;Конструкция цокольного этажа, в т.ч. приямки, крыльца, пандусы и съезды;026;Бетонирование конструкций цокольной части;060;Армирование монолитных перекрытий подвала
1;003;Работы нулевого цикла;015;Конструкция цокольного этажа, в т.ч. приямки, крыльца, пандусы и съезды;026;Бетонирование конструкций цокольной части;423;Армирование приямков и лестниц, пандусов и конструкций входных групп
1;003;Работы нулевого цикла;015;Конструкция цокольного этажа, в т.ч. приямки, крыльца, пандусы и съезды;026;Бетонирование конструкций цокольной части;424;Бетонирование приямков и лестниц, пандусов и конструкций входных групп
1;004;Надземная часть здания;016;Каркас монолитный;028;Устройство ж/б монолитного каркаса здания;063;Армирование монолитных стен, колонн
1;004;Надземная часть здания;016;Каркас монолитный;028;Устройство ж/б монолитного каркаса здания;065;Армирование монолитных перекрытий
1;004;Надземная часть здания;016;Каркас монолитный;029;Устройство ж/б монолитного каркаса надземного паркинга;067;Армирование стен надземного паркинга
1;004;Надземная часть здания;016;Каркас монолитный;029;Устройство ж/б монолитного каркаса надземного паркинга;069;Армирование перекрытий надземного паркинга
1;004;Надземная часть здания;016;Каркас монолитный;030;Устройство ж/б монолитных лифтовых шахт;071;Армирование шахт лифтов
1;004;Надземная часть здания;023;Кровля;053;Скатная кровля;117;Укладка выравнивающего слоя по каркасу скатной кровли (архив)
1;004;Надземная часть здания;025;Конструкции металлические;059;Конструкции металлические;439;Монтаж ограждений балконов
1;005;Внутренние инженерные системы;027;Внутренние сантехнические системы (ОВ и ВК);064;Водоснабжение и канализация;416;Магистрали инженерных систем ОВ и ВК в подвале и (или) тех.этаже
1;005;Внутренние инженерные системы;027;Внутренние сантехнические системы (ОВ и ВК);066;Вентиляция;431;Общеобменная вентиляция
1;005;Внутренние инженерные системы;028;Внутренние электромонтажные системы;070;Линейный монтаж (монтаж кабеля/провода);429;Линейный монтаж электрической сети квартир и МОП
1;005;Внутренние инженерные системы;028;Внутренние электромонтажные системы;072;Электрооборудование и оконечные устройства;426;Монтаж РТП
1;005;Внутренние инженерные системы;028;Внутренние электромонтажные системы;072;Электрооборудование и оконечные устройства;428;Монтаж щитов квартирных (ЩК)
1;005;Внутренние инженерные системы;028;Внутренние электромонтажные системы;072;Электрооборудование и оконечные устройства;432;Монтаж розеток и выключателей (арматура), светильников с/у, вмазка корпуса ЩК
1;005;Внутренние инженерные системы;029;Внутренние слаботочные системы;075;АППЗ;417;Установка оконечного оборудования АППЗ (извещатели, релейные модули и т.п.)
1;006;Внутренние отделочные работы;030;Внутренняя отделка помещений;090;Окраска стен МОП;419;Окраска стен административных помещений
1;006;Внутренние отделочные работы;030;Внутренняя отделка помещений;098;Отделка технических помещений;427;Отделка РТП
1;012;ПИР;048;ПИР;146;ПИР;552;ПИР
1;013;Правоустанавливающие и стартовые документы;049;Приказ о принятии объекта в работу;147;Приказ о принятии объекта в работу;553;Приказ о принятии объекта в работу
3;013;Правоустанавливающие и стартовые документы;050;Заключение договора на земельный участок (предварительный, аренда, покупка);148;Заключение договора на земельный участок (предварительный, аренда, покупка);554;Заключение договора на земельный участок (предварительный, аренда, покупка)
5;013;Правоустанавливающие и стартовые документы;051;Выявление и определение всех ограничений земельного участка;149;Выявление и определение всех ограничений земельного участка;555;Выявление и определение всех ограничений земельного участка, составление и утверждение плана по сняти. ограничений
7;013;Правоустанавливающие и стартовые документы;052;Утверждение сводного графика работы департаментов;150;Утверждение сводного графика работы департаментов;556;Утверждение сводного графика работы департаментов
9;014;ППТ и ПМ;053;Первый этап ППТ и ПМ;151;Разработка ППТ и ПМ;557;Получение распоряжения КГА о разработке ППт и ПМ
10;001;Инженерная подготовка территории;001;Снос зеленых насаждений;001;Снос насаждений и очистка территории;612;Стк. Проверка Одноименной СМР
10;001;Инженерная подготовка территории;002;Демонтаж зданий и сооружений;002;Демонтаж зданий и сооружений;002;Демонтаж надземной части зданий
11;014;ППТ и ПМ;053;Первый этап ППТ и ПМ;151;Разработка ППТ и ПМ;558;Утверждение эскиза застройки, в том числе каркас магистральной улично-дорожной сети
12;013;Правоустанавливающие и стартовые документы;049;Приказ о принятии объекта в работу;147;Приказ о принятии объекта в работу;613;Новая работа1241253264246
13;014;ППТ и ПМ;053;Первый этап ППТ и ПМ;151;Разработка ППТ и ПМ;559;Согласование 1 этапа (выписка из протокола КГА)
15;014;ППТ и ПМ;054;Второй этап ППТ и ПМ;152;Утверждение ППТ и ПМ;560;Проведение общественных слушаний при необходимости
17;014;ППТ и ПМ;054;Второй этап ППТ и ПМ;152;Утверждение ППТ и ПМ;561;Получение распоряжения КГА об утверждении ППТ и ПМ
19;015;Образование земельного участка (для строительства);055;Получение выписки ЕГРН (на з.у. для строительства);153;Получение выписки ЕГРН (на з.у. для строительства);562;Получение выписки ЕГРН (на з.у. для строительства)
20;001;Инженерная подготовка территории;002;Демонтаж зданий и сооружений;002;Демонтаж зданий и сооружений;004;Демонтаж подземной части зданий
21;016;АГПТ;056;Согласование АГПТ;154;Получение выписки из протокола ГРК;563;Получение выписки из протокола ГРК
23;017;АГО;057;Разработка АГО;155;Утверждение планировочных решений ЦРП;564;Утверждение планировочных решений ЦРП
25;017;АГО;057;Разработка АГО;156;Утверждение концепции фасадов ЦРП;565;Утверждение концепции фасадов ЦРП
27;017;АГО;057;Разработка АГО;157;Утверждение схемы застройки ЦРП;566;Утверждение схемы застройки ЦРП
29;017;АГО;058;Согласование АГО;158;Получение письма КГА о согласовании альбома АГО;567;Получение письма КГА о согласовании альбома АГО
30;001;Инженерная подготовка территории;002;Демонтаж зданий и сооружений;002;Демонтаж зданий и сооружений;003;Утилизация продуктов сноса надземной части
31;018;РНС;059;ГПЗУ;159;Получение ГПЗУ;568;Подача заявления на получение ГПЗУ
33;018;РНС;059;ГПЗУ;159;Получение ГПЗУ;569;Получение ГПЗУ
35;005;Внутренние инженерные системы;029;Внутренние слаботочные системы;137;МГН (система переговорной связи и аварийной сигнализации);500;Линейный монтаж МГН (система переговорной связи и аварийной сигнализации)
35;005;Внутренние инженерные системы;029;Внутренние слаботочные системы;138;МКСС (мультисервисная структурированная кабельная сеть);502;Линейный монтаж МКСС (мультисервисная структурированная кабельная сеть)
35;018;РНС;060;Соглашения по социальным обязательствам;160;Подписание с КИО соглашений по социальным обязательствам;570;Подписание с КИО соглашений по социальным обязательствам
37;018;РНС;061;Проектная документация;161;Утверждение ЧТУ;571;Подписание ЧТУ (ЦРП и Ген. Проектировщик)
39;018;РНС;061;Проектная документация;162;Комплект ПД;572;Разработка ПД
40;001;Инженерная подготовка территории;002;Демонтаж зданий и сооружений;002;Демонтаж зданий и сооружений;005;Утилизация продуктов сноса подземной части
41;018;РНС;061;Проектная документация;162;Комплект ПД;573;Утверждение ПД Техническим отделом
43;018;РНС;062;Заключение экспертизы;163;Получение положительного заключения экспертизы;574;Получение положительного заключения экспертизы
45;018;РНС;063;Получение РНС;164;Выгрузка РнС из портала Госуслуг;575;Выгрузка РнС из портала Госуслуг
50;001;Инженерная подготовка территории;001;Снос зеленых насаждений;001;Снос насаждений и очистка территории;001;Вырубка зеленых насаждений и корчевание пней
55;005;Внутренние инженерные системы;029;Внутренние слаботочные системы;137;МГН (система переговорной связи и аварийной сигнализации);501;Оконечное оборудование МГН (система переговорной связи и аварийной сигнализации)
55;005;Внутренние инженерные системы;029;Внутренние слаботочные системы;138;МКСС (мультисервисная структурированная кабельная сеть);503;Оконечное оборудование МКСС (мультисервисная структурированная кабельная сеть)
60;001;Инженерная подготовка территории;003;Земляные работы по подготовке территории;003;Ликвидация свалок, планировка площадей;006;Планировка территории
70;001;Инженерная подготовка территории;003;Земляные работы по подготовке территории;003;Ликвидация свалок, планировка площадей;007;Вывоз грунта
80;001;Инженерная подготовка территории;004;Вынос сетей из пятна застройки;004;Вынос сетей из пятна застройки;011;Вынос сетей газоснабжения из пятна застройки
90;001;Инженерная подготовка территории;004;Вынос сетей из пятна застройки;004;Вынос сетей из пятна застройки;012;Вынос сетей слабых токов из пятна застройки
100;001;Инженерная подготовка территории;004;Вынос сетей из пятна застройки;004;Вынос сетей из пятна застройки;008;Вынос сетей электроснабжения из пятна застройки
110;001;Инженерная подготовка территории;004;Вынос сетей из пятна застройки;004;Вынос сетей из пятна застройки;009;Вынос сетей водоснабжения и водоотведения из пятна застройки
120;001;Инженерная подготовка территории;004;Вынос сетей из пятна застройки;004;Вынос сетей из пятна застройки;010;Вынос сетей теплоснабжения из пятна застройки
130;001;Инженерная подготовка территории;005;Усиление конструкций рядом расположенных зданий;005;Усиление конструкций рядом расположенных зданий;013;Усиление конструкций рядом расположенных зданий
140;002;Организация строительной площадки (ПОС);006;Временное ограждение строительной площадки;006;Ограждение;014;Монтаж ж/б плит ограждения
150;002;Организация строительной площадки (ПОС);006;Временное ограждение строительной площадки;006;Ограждение;016;Установка ворот
160;002;Организация строительной площадки (ПОС);006;Временное ограждение строительной площадки;006;Ограждение;015;Покраска ж/б плит ограждения
170;002;Организация строительной площадки (ПОС);006;Временное ограждение строительной площадки;007;Пешеходная галерея;018;Устройство пешеходной галереи
180;002;Организация строительной площадки (ПОС);007;Временные здания и сооружения;008;Пост мойки колес;020;Организация поста мойки колес
190;002;Организация строительной площадки (ПОС);007;Временные здания и сооружения;009;Бытовой городок;022;Устройство бытового городка
200;002;Организация строительной площадки (ПОС);008;Временные дороги и площадки;011;Временные площадки;028;Монтаж площадки для размещения бытового городка
210;002;Организация строительной площадки (ПОС);008;Временные дороги и площадки;010;Временные дороги;024;Устройство временных дорог из ж/б плит
220;002;Организация строительной площадки (ПОС);008;Временные дороги и площадки;011;Временные площадки;026;Устройство временных площадок складирования
230;002;Организация строительной площадки (ПОС);008;Временные дороги и площадки;012;Водоотведение;030;Водоотводящие канавы и канализационные трубы
240;002;Организация строительной площадки (ПОС);009;Временные инженерные сети;013;Временные инженерные сети;031;Временные сети
250;003;Работы нулевого цикла;010;Испытание грунтов сваями;014;Пробные сваи;032;Пробные сваи для испытаний грунтов
260;003;Работы нулевого цикла;010;Испытание грунтов сваями;014;Пробные сваи;033;Испытания пробных свай
270;003;Работы нулевого цикла;011;Укрепление грунтов;016;Основание из боя;038;Основание из кирпичного и бетонного боя для прохода техники
280;003;Работы нулевого цикла;011;Укрепление грунтов;015;Шпунтовое ограждение;034;Устройство шпунтового ограждения
290;003;Работы нулевого цикла;011;Укрепление грунтов;015;Шпунтовое ограждение;035;Установка распорной системы
300;003;Работы нулевого цикла;011;Укрепление грунтов;017;Стена в грунте;039;Стена в грунте
310;003;Работы нулевого цикла;012;Земляные работы;018;Земляные работы;040;Котлован
320;003;Работы нулевого цикла;013;Свайное основание;019;Свайное основание;041;Буронабивные сваи
330;010;Услуги Заказчика строительства / Генподрядчика;044;Организация работы крана башенного;120;Башенные краны;390;Устройство фундаментов под башенные краны
340;003;Работы нулевого цикла;013;Свайное основание;019;Свайное основание;042;Погружение свай
350;003;Работы нулевого цикла;013;Свайное основание;019;Свайное основание;043;Испытание свай после их массового погружения
360;003;Работы нулевого цикла;014;Фундаменты;020;Основание под бетонную подготовку;044;Основание под бетонную подготовку
370;003;Работы нулевого цикла;014;Фундаменты;021;Бетонная подготовка;045;Бетонная подготовка
380;003;Работы нулевого цикла;014;Фундаменты;022;Монолитные ростверки;048;Срубка оголовков свай
390;003;Работы нулевого цикла;014;Фундаменты;022;Монолитные ростверки;047;Бетонирование ростверков
400;003;Работы нулевого цикла;015;Конструкция цокольного этажа, в т.ч. приямки, крыльца, пандусы и съезды;026;Бетонирование конструкций цокольной части;055;Бетонирование монолитных стен и колонн подвала
410;003;Работы нулевого цикла;015;Конструкция цокольного этажа, в т.ч. приямки, крыльца, пандусы и съезды;026;Бетонирование конструкций цокольной части;422;Бетонирование световых приямков
420;010;Услуги Заказчика строительства / Генподрядчика;044;Организация работы крана башенного;120;Башенные краны;391;Монтаж башенных кранов
430;003;Работы нулевого цикла;014;Фундаменты;023;Гидроизоляция фундаментов;050;Гидроизоляция деформационных швов
440;003;Работы нулевого цикла;014;Фундаменты;023;Гидроизоляция фундаментов;049;Инжектосистема
450;003;Работы нулевого цикла;015;Конструкция цокольного этажа, в т.ч. приямки, крыльца, пандусы и съезды;026;Бетонирование конструкций цокольной части;411;Бетонирование приямков спуска в подвал
460;003;Работы нулевого цикла;015;Конструкция цокольного этажа, в т.ч. приямки, крыльца, пандусы и съезды;026;Бетонирование конструкций цокольной части;412;Бетонирование лестниц
470;003;Работы нулевого цикла;015;Конструкция цокольного этажа, в т.ч. приямки, крыльца, пандусы и съезды;026;Бетонирование конструкций цокольной части;061;Бетонирование монолитных перекрытий подвала
480;003;Работы нулевого цикла;015;Конструкция цокольного этажа, в т.ч. приямки, крыльца, пандусы и съезды;026;Бетонирование конструкций цокольной части;413;Бетонирование конструкций входных групп
490;003;Работы нулевого цикла;011;Укрепление грунтов;015;Шпунтовое ограждение;036;Демонтаж распорной системы
500;003;Работы нулевого цикла;011;Укрепление грунтов;015;Шпунтовое ограждение;037;Демонтаж шпунтового ограждения
500;003;Работы нулевого цикла;014;Фундаменты;022;Монолитные ростверки;508;Бетонирование фундаментов под колонны
510;003;Работы нулевого цикла;015;Конструкция цокольного этажа, в т.ч. приямки, крыльца, пандусы и съезды;024;Гидроизоляция цокольной части;051;Гидроизоляция бетонных поверхностей
520;003;Работы нулевого цикла;015;Конструкция цокольного этажа, в т.ч. приямки, крыльца, пандусы и съезды;024;Гидроизоляция цокольной части;052;Гидроизоляция приямков
530;003;Работы нулевого цикла;015;Конструкция цокольного этажа, в т.ч. приямки, крыльца, пандусы и съезды;025;Утепление цокольной части;053;Утеплитель наружных стен цоколя
540;008;Внеплощадочные наружные сети и инфраструктурные объекты;038;Наружные внеплощадочные сети НВК;114;Наружные внеплощадочные сети НВК;376;Наружные внеплощадочные сети НВК
550;008;Внеплощадочные наружные сети и инфраструктурные объекты;040;Наружные внеплощадочные сети газоснабжения;116;Наружные внеплощадочные сети газоснабжения;378;Наружные внеплощадочные сети газоснабжения
560;008;Внеплощадочные наружные сети и инфраструктурные объекты;037;Наружные внеплощадочные сети теплоснабжения;113;Наружные внеплощадочные сети теплоснабжения;375;Наружные внеплощадочные сети теплоснабжения
570;008;Внеплощадочные наружные сети и инфраструктурные объекты;039;Наружные внеплощадочные сети электроснабжения и освещения;115;Наружные внеплощадочные сети электроснабжения;377;Наружные внеплощадочные сети электроснабжения
580;008;Внеплощадочные наружные сети и инфраструктурные объекты;041;Наружные внеплощадочные слаботочные сети;117;Наружные внеплощадочные слаботочные сети;379;Наружные внеплощадочные слаботочные сети
590;008;Внеплощадочные наружные сети и инфраструктурные объекты;042;Устройство магистральных дорог;118;Магистральные дороги;380;Магистральные дороги
600;007;Внутриплощадочные наружные сети;034;Наружные внутриплощадочные сети НВК, в т.ч. дренаж;110;Прифундаментный дренаж;364;Траншеи и основания под прифундаментный дренаж
610;007;Внутриплощадочные наружные сети;034;Наружные внутриплощадочные сети НВК, в т.ч. дренаж;110;Прифундаментный дренаж;365;Трубопроводы и колодцы прифундаментного дренажа
620;007;Внутриплощадочные наружные сети;034;Наружные внутриплощадочные сети НВК, в т.ч. дренаж;110;Прифундаментный дренаж;366;Призмы прифундаментного дренажа
630;007;Внутриплощадочные наружные сети;034;Наружные внутриплощадочные сети НВК, в т.ч. дренаж;110;Прифундаментный дренаж;367;Пролив прифундаментного дренажа
640;007;Внутриплощадочные наружные сети;034;Наружные внутриплощадочные сети НВК, в т.ч. дренаж;110;Прифундаментный дренаж;368;Обратная засыпка прифундаментного дренажа
650;003;Работы нулевого цикла;015;Конструкция цокольного этажа, в т.ч. приямки, крыльца, пандусы и съезды;027;Обратная засыпка;062;Обратная засыпка
660;005;Внутренние инженерные системы;028;Внутренние электромонтажные системы;069;Трубные проводки;197;Эл. Каналы (ПНД) до бетонирования
670;004;Надземная часть здания;016;Каркас монолитный;028;Устройство ж/б монолитного каркаса здания;064;Бетонирование монолитных стен, колонн
680;004;Надземная часть здания;016;Каркас монолитный;028;Устройство ж/б монолитного каркаса здания;477;Бетонирование лестниц (надземная часть)
690;004;Надземная часть здания;025;Конструкции металлические;059;Конструкции металлические;137;Металлические вертикальные связи (между колоннами)
700;004;Надземная часть здания;016;Каркас монолитный;028;Устройство ж/б монолитного каркаса здания;460;Монолитный пояс
700;004;Надземная часть здания;017;Сборные элементы каркаса;134;Сборный каркас здания;519;Монтаж цокольных панелей (конструктив подземной части)
710;004;Надземная часть здания;016;Каркас монолитный;030;Устройство ж/б монолитных лифтовых шахт;072;Бетонирование шахт лифтов
720;004;Надземная часть здания;017;Сборные элементы каркаса;031;Сборные лифтовые шахты;073;Сборные лифтовые шахты
730;004;Надземная часть здания;017;Сборные элементы каркаса;032;Сборные вентиляционные блоки;074;Вентиляционные блоки
740;004;Надземная часть здания;017;Сборные элементы каркаса;033;Сборные лестничные марши;075;Лестничные марши
750;004;Надземная часть здания;016;Каркас монолитный;028;Устройство ж/б монолитного каркаса здания;066;Бетонирование монолитных перекрытий
760;004;Надземная часть здания;017;Сборные элементы каркаса;134;Сборный каркас здания;459;Сборные перекрытия
770;004;Надземная часть здания;016;Каркас монолитный;029;Устройство ж/б монолитного каркаса надземного паркинга;068;Бетонирование стен надземного паркинга
780;004;Надземная часть здания;016;Каркас монолитный;029;Устройство ж/б монолитного каркаса надземного паркинга;070;Бетонирование перекрытий надземного паркинга
790;004;Надземная часть здания;016;Каркас монолитный;133;Монолит кровли;451;Бетонирование монолитных парапетов и надстроек на кровле
800;004;Надземная часть здания;017;Сборные элементы каркаса;134;Сборный каркас здания;513;Устройство монтажного проема в конструкциях
800;004;Надземная часть здания;018;Ограждающие конструкции;034;Наружные стены;076;Кладка наружных стен
810;005;Внутренние инженерные системы;027;Внутренние сантехнические системы (ОВ и ВК);064;Водоснабжение и канализация;172;Стояки ливневой канализации
820;004;Надземная часть здания;025;Конструкции металлические;059;Конструкции металлические;138;Металлические фермы (несущие конструкции крыши)
830;010;Услуги Заказчика строительства / Генподрядчика;045;Грузоподъёмные механизмы;121;Грузоподъёмники;394;Монтаж грузоподъёмников
840;005;Внутренние инженерные системы;027;Внутренние сантехнические системы (ОВ и ВК);064;Водоснабжение и канализация;150;Стояки противопожарного водопровода
850;005;Внутренние инженерные системы;027;Внутренние сантехнические системы (ОВ и ВК);066;Вентиляция;184;Транзитные воздуховоды системы вентиляции
860;005;Внутренние инженерные системы;027;Внутренние сантехнические системы (ОВ и ВК);066;Вентиляция;185;Шахты дымоудаления и подпора воздуха в МОП
870;004;Надземная часть здания;019;Внутренние стены и перегородки;036;Внутренние стены и перегородки;078;Внутренние стены и перегородки
875;004;Надземная часть здания;019;Внутренние стены и перегородки;036;Внутренние стены и перегородки;592;Каркас перегородок
878;004;Надземная часть здания;019;Внутренние стены и перегородки;036;Внутренние стены и перегородки;593;Зашивка перегородок
880;004;Надземная часть здания;019;Внутренние стены и перегородки;036;Внутренние стены и перегородки;425;Вентиляционные каналы из мелкоштучных элементов
890;004;Надземная часть здания;020;Фасады;037;Навесные вентилируемые фасады;079;Подсистема вентфасада (кронштейны)
900;005;Внутренние инженерные системы;027;Внутренние сантехнические системы (ОВ и ВК);064;Водоснабжение и канализация;152;Стояки систем ХВС, ГВС, канализации и водорозеток
910;005;Внутренние инженерные системы;027;Внутренние сантехнические системы (ОВ и ВК);064;Водоснабжение и канализация;493;Стояки систем ХВС, ГВС, канализации в МОП
920;005;Внутренние инженерные системы;027;Внутренние сантехнические системы (ОВ и ВК);065;Отопление;174;Стояки системы отопления
930;005;Внутренние инженерные системы;028;Внутренние электромонтажные системы;069;Трубные проводки;199;Трубные стояки магистральных кабельных линий
940;005;Внутренние инженерные системы;028;Внутренние электромонтажные системы;069;Трубные проводки;198;Вскрытие эл.каналов (ПНД) + кондуктор
950;004;Надземная часть здания;021;Окна;042;Оконные и дверные балконные блоки;100;Оконные и дверные балконные блоки
960;004;Надземная часть здания;021;Окна;042;Оконные и дверные балконные блоки;466;Временные окна (бизнес)
970;004;Надземная часть здания;020;Фасады;037;Навесные вентилируемые фасады;081;Утеплитель вентфасада
980;004;Надземная часть здания;020;Фасады;037;Навесные вентилируемые фасады;080;Подсистема вентфасада (направляющие)
990;004;Надземная часть здания;020;Фасады;038;Мокрые штукатурные фасады;083;"Утеплитель ""мокрого"" фасада (с балконов)"
1000;004;Надземная часть здания;017;Сборные элементы каркаса;134;Сборный каркас здания;520;Сборные ж/б колонны
1000;004;Надземная часть здания;020;Фасады;038;Мокрые штукатурные фасады;084;"Утеплитель ""мокрого"" фасада (с лесов)"
1000;005;Внутренние инженерные системы;027;Внутренние сантехнические системы (ОВ и ВК);066;Вентиляция;576;Горизонтальная разводка вентиляции и выводы из шиделя
1010;004;Надземная часть здания;020;Фасады;038;Мокрые штукатурные фасады;085;"Армирующий слой ""мокрого"" фасада (с балконов)"
1020;004;Надземная часть здания;020;Фасады;038;Мокрые штукатурные фасады;086;"Армирующий слой ""мокрого"" фасада (с лесов)"
1020;004;Надземная часть здания;025;Конструкции металлические;059;Конструкции металлические;550;Металлические колонны
1030;004;Надземная часть здания;018;Ограждающие конструкции;035;Надстройки на кровле;077;Кладка надстроек на кровле
1040;004;Надземная часть здания;023;Кровля;050;Теплоизоляционный слой;110;Теплоизоляционный слой кровли
1050;004;Надземная часть здания;023;Кровля;049;Уклонообразующий слой;109;Уклонообразующий слой кровли
1060;004;Надземная часть здания;023;Кровля;048;Пароизоляционный слой;108;Пароизоляционный слой кровли
1070;004;Надземная часть здания;023;Кровля;052;Стяжка кровли;113;Ц/п стяжка на кровле
1080;004;Надземная часть здания;023;Кровля;052;Стяжка кровли;472;Выравнивающая стяжка плит перекрытия
1090;004;Надземная часть здания;023;Кровля;052;Стяжка кровли;114;Сборная стяжка из хризотилцементных листов на кровле
1100;004;Надземная часть здания;017;Сборные элементы каркаса;134;Сборный каркас здания;515;Защита конструкций для монтажа оборудования
1100;004;Надземная часть здания;017;Сборные элементы каркаса;134;Сборный каркас здания;521;Монтаж подкрановых балок
1100;004;Надземная часть здания;023;Кровля;051;Гидроизоляция кровли;111;1-ый гидроизоляционный слой кровли
1110;004;Надземная часть здания;023;Кровля;051;Гидроизоляция кровли;112;2-ой гидроизоляционный слой кровли
1120;004;Надземная часть здания;023;Кровля;047;Водосточные воронки на кровле;107;Водосточные воронки на кровле
1130;004;Надземная часть здания;023;Кровля;055;Окрытия и прочие свесы;122;Зонты над вент. шахтами
1140;004;Надземная часть здания;023;Кровля;053;Скатная кровля;116;Каркас скатной кровли, теплоизоляционный и ветрозащитный слои скатной кровли
1150;004;Надземная часть здания;017;Сборные элементы каркаса;134;Сборный каркас здания;522;Монтаж кран-балки
1150;004;Надземная часть здания;023;Кровля;053;Скатная кровля;115;Пароизоляционный слой скатной кровли
1160;004;Надземная часть здания;023;Кровля;053;Скатная кровля;118;Покрытие скатной кровли
1170;005;Внутренние инженерные системы;027;Внутренние сантехнические системы (ОВ и ВК);065;Отопление;175;Горизонтальная разводка труб PEX системы отопления
1180;004;Надземная часть здания;025;Конструкции металлические;059;Конструкции металлические;133;Металлические лестницы
1190;005;Внутренние инженерные системы;027;Внутренние сантехнические системы (ОВ и ВК);066;Вентиляция;186;Вентиляторы системы дымоудаления
1200;004;Надземная часть здания;023;Кровля;165;Металлическая кровля;578;Пароизоляционный слой металлической кровли
1200;005;Внутренние инженерные системы;027;Внутренние сантехнические системы (ОВ и ВК);064;Водоснабжение и канализация;577;Горизонтальная разводка PEX систем ХГВС в полу
1200;005;Внутренние инженерные системы;028;Внутренние электромонтажные системы;070;Линейный монтаж (монтаж кабеля/провода);591;Подключение вентиляторов на кровле
1200;010;Услуги Заказчика строительства / Генподрядчика;044;Организация работы крана башенного;120;Башенные краны;392;Демонтаж башенных кранов
1210;004;Надземная часть здания;023;Кровля;165;Металлическая кровля;579;Каркас металлической кровли, теплоизоляционный и уклонообразующий слои кровли
1210;005;Внутренние инженерные системы;027;Внутренние сантехнические системы (ОВ и ВК);065;Отопление;176;Коллекторы системы отопления
1220;004;Надземная часть здания;023;Кровля;165;Металлическая кровля;580;Покрытие металлической кровли
1220;005;Внутренние инженерные системы;027;Внутренние сантехнические системы (ОВ и ВК);065;Отопление;173;Магистрали системы отопления в подвале и (или) тех. этаже
1230;002;Организация строительной площадки (ПОС);006;Временное ограждение строительной площадки;007;Пешеходная галерея;019;Демонтаж пешеходной галереи
1240;007;Внутриплощадочные наружные сети;032;Наружные внутриплощадочные сети теплоснабжения;106;Внутриплощадочные НТС;325;Транзитные тепловые сети в подвале
1250;004;Надземная часть здания;023;Кровля;141;Световой фонарь;516;Каркас опорный под световой фонарь
1250;005;Внутренние инженерные системы;027;Внутренние сантехнические системы (ОВ и ВК);064;Водоснабжение и канализация;154;Магистрали систем ХВС, ГВС в подвале и (или) тех. этаже
1260;007;Внутриплощадочные наружные сети;032;Наружные внутриплощадочные сети теплоснабжения;106;Внутриплощадочные НТС;323;Траншея и основание под прокладку тепловой сети
1270;007;Внутриплощадочные наружные сети;034;Наружные внутриплощадочные сети НВК, в т.ч. дренаж;109;Внутриплощадочные НВК;356;Траншеи и основание под наружные сети хозяйственно - бытовой и ливневой канализации
1280;007;Внутриплощадочные наружные сети;034;Наружные внутриплощадочные сети НВК, в т.ч. дренаж;109;Внутриплощадочные НВК;358;Трубопроводы и колодцы наружных сетей хозяйственно - бытовой и ливневой канализации
1290;007;Внутриплощадочные наружные сети;034;Наружные внутриплощадочные сети НВК, в т.ч. дренаж;109;Внутриплощадочные НВК;349;Наружный водопровод из ПНД труб
1300;007;Внутриплощадочные наружные сети;034;Наружные внутриплощадочные сети НВК, в т.ч. дренаж;109;Внутриплощадочные НВК;357;Основание под колодец хозяйственно - бытовой и ливневой канализации
1310;007;Внутриплощадочные наружные сети;034;Наружные внутриплощадочные сети НВК, в т.ч. дренаж;109;Внутриплощадочные НВК;359;Лотки и лестницы в колодцах наружных сетей хозяйственно - бытовой и ливневой канализации
1320;007;Внутриплощадочные наружные сети;033;Наружные внутриплощадочные сети электроснабжения и освещения;107;Внутриплощадочные НЭС;334;Траншеи. Электрические сети 0,4/10 кВ (земляные работы)
1330;007;Внутриплощадочные наружные сети;034;Наружные внутриплощадочные сети НВК, в т.ч. дренаж;109;Внутриплощадочные НВК;348;Траншея и основание под прокладку наружного водопровода
1340;005;Внутренние инженерные системы;027;Внутренние сантехнические системы (ОВ и ВК);064;Водоснабжение и канализация;505;Сети канализации под плитой
1340;007;Внутриплощадочные наружные сети;036;Наружные внутриплощадочные сети газоснабжения;112;Внутриплощадочные НГС;374;Наружные сети газоснабжения
1350;004;Надземная часть здания;023;Кровля;141;Световой фонарь;517;Монтаж светового фонаря
1350;005;Внутренние инженерные системы;027;Внутренние сантехнические системы (ОВ и ВК);064;Водоснабжение и канализация;151;Магистрали системы противопожарного водопровода В2 в подвале и (или) тех. этаже
1350;005;Внутренние инженерные системы;027;Внутренние сантехнические системы (ОВ и ВК);140;Сжатый воздух;506;Магистрали сжатого воздуха
1360;005;Внутренние инженерные системы;027;Внутренние сантехнические системы (ОВ и ВК);064;Водоснабжение и канализация;153;Магистрали канализации в подвале и (или) тех. этаже
1370;005;Внутренние инженерные системы;027;Внутренние сантехнические системы (ОВ и ВК);064;Водоснабжение и канализация;170;Магистрали ливневой канализации в подвале и (или) тех. этаже
1380;005;Внутренние инженерные системы;027;Внутренние сантехнические системы (ОВ и ВК);064;Водоснабжение и канализация;442;Коллекторы систем ХВС/ГВС
1390;006;Внутренние отделочные работы;030;Внутренняя отделка помещений;086;Оштукатуривание стен;266;Подготовка наружных стен под монтаж отопительных приборов
1400;004;Надземная часть здания;023;Кровля;141;Световой фонарь;518;Монтаж нащельников светового фонаря
1400;005;Внутренние инженерные системы;027;Внутренние сантехнические системы (ОВ и ВК);065;Отопление;177;Отопительные приборы
1400;005;Внутренние инженерные системы;027;Внутренние сантехнические системы (ОВ и ВК);140;Сжатый воздух;509;Монтаж (обвязка) компрессора
1410;004;Надземная часть здания;022;Двери;043;Двери технических помещений;103;Технические входные двери, двери тех. этажей, люки
1420;007;Внутриплощадочные наружные сети;032;Наружные внутриплощадочные сети теплоснабжения;106;Внутриплощадочные НТС;321;Узел прохода тепловой сети через ограждающие конструкции подземной части здания
1430;007;Внутриплощадочные наружные сети;034;Наружные внутриплощадочные сети НВК, в т.ч. дренаж;109;Внутриплощадочные НВК;351;Водопроводные вводы
1440;007;Внутриплощадочные наружные сети;034;Наружные внутриплощадочные сети НВК, в т.ч. дренаж;109;Внутриплощадочные НВК;352;Водопроводные коверы
1450;004;Надземная часть здания;025;Конструкции металлические;059;Конструкции металлические;581;Металлические балки
1450;007;Внутриплощадочные наружные сети;032;Наружные внутриплощадочные сети теплоснабжения;106;Внутриплощадочные НТС;317;Наружные тепловые сети в ж/б каналах
1460;007;Внутриплощадочные наружные сети;032;Наружные внутриплощадочные сети теплоснабжения;106;Внутриплощадочные НТС;320;Попутный дренаж наружных тепловых сетей
1470;007;Внутриплощадочные наружные сети;032;Наружные внутриплощадочные сети теплоснабжения;106;Внутриплощадочные НТС;326;Сильфонные компенсаторы тепловой сети
1480;007;Внутриплощадочные наружные сети;032;Наружные внутриплощадочные сети теплоснабжения;106;Внутриплощадочные НТС;322;Система ОДК тепловой сети
1490;007;Внутриплощадочные наружные сети;032;Наружные внутриплощадочные сети теплоснабжения;106;Внутриплощадочные НТС;328;Промывка наружных тепловых сетей
1500;003;Работы нулевого цикла;015;Конструкция цокольного этажа, в т.ч. приямки, крыльца, пандусы и съезды;166;Рампа;582;Рампа
1500;004;Надземная часть здания;017;Сборные элементы каркаса;134;Сборный каркас здания;514;Заделка монтажного проема
1500;005;Внутренние инженерные системы;027;Внутренние сантехнические системы (ОВ и ВК);140;Сжатый воздух;507;Оконечное оборудование сжат. воздуха
1500;007;Внутриплощадочные наружные сети;034;Наружные внутриплощадочные сети НВК, в т.ч. дренаж;109;Внутриплощадочные НВК;362;Телеметрический контроль наружных сетей хозяйственно - бытовой и ливневой канализации
1510;007;Внутриплощадочные наружные сети;034;Наружные внутриплощадочные сети НВК, в т.ч. дренаж;109;Внутриплощадочные НВК;355;Промывка наружного водопровода
1520;007;Внутриплощадочные наружные сети;034;Наружные внутриплощадочные сети НВК, в т.ч. дренаж;109;Внутриплощадочные НВК;354;Гидравлические испытания наружного водопровода
1530;009;Благоустройство территории;043;Благоустройство территории;119;Комплекс работ по благоустройству, озеленению;446;Водоотводные лотки
1540;007;Внутриплощадочные наружные сети;032;Наружные внутриплощадочные сети теплоснабжения;106;Внутриплощадочные НТС;327;Гидравлические испытания наружных тепловых сетей
1550;005;Внутренние инженерные системы;027;Внутренние сантехнические системы (ОВ и ВК);065;Отопление;410;Отопительные приборы в с/у
1560;005;Внутренние инженерные системы;027;Внутренние сантехнические системы (ОВ и ВК);065;Отопление;452;Отопительные приборы МОП/ЛК
1570;007;Внутриплощадочные наружные сети;032;Наружные внутриплощадочные сети теплоснабжения;106;Внутриплощадочные НТС;329;Обратная засыпка наружных тепловых сетей
1580;005;Внутренние инженерные системы;027;Внутренние сантехнические системы (ОВ и ВК);064;Водоснабжение и канализация;441;Разводка ХВС/ГВС в МОП (под потолком)
1590;002;Организация строительной площадки (ПОС);008;Временные дороги и площадки;010;Временные дороги;025;Демонтаж временных дорог из ж/б плит
1600;005;Внутренние инженерные системы;027;Внутренние сантехнические системы (ОВ и ВК);140;Сжатый воздух;510;ПНР сжат. воздух
1600;005;Внутренние инженерные системы;028;Внутренние электромонтажные системы;072;Электрооборудование и оконечные устройства;511;Монтаж автоматики и щита управления кран-балки
1600;007;Внутриплощадочные наружные сети;035;Наружные внутриплощадочные слаботочные сети;111;Внутриплощадочные НСС;370;Траншеи, котлованы кабельной канализации сетей связи
1610;005;Внутренние инженерные системы;028;Внутренние электромонтажные системы;070;Линейный монтаж (монтаж кабеля/провода);202;Магистральные электрические линии (стояки)
1610;005;Внутренние инженерные системы;028;Внутренние электромонтажные системы;070;Линейный монтаж (монтаж кабеля/провода);588;Магистральные линии питания ЩЭ
1613;005;Внутренние инженерные системы;028;Внутренние электромонтажные системы;070;Линейный монтаж (монтаж кабеля/провода);589;Магистральные линии ПД/ДУ
1616;005;Внутренние инженерные системы;028;Внутренние электромонтажные системы;070;Линейный монтаж (монтаж кабеля/провода);590;Магистральные линии питания общедомовых потребителей
1620;009;Благоустройство территории;043;Благоустройство территории;119;Комплекс работ по благоустройству, озеленению;381;"Дорожное ""корыто"""
1630;005;Внутренние инженерные системы;028;Внутренние электромонтажные системы;073;Молниезащита;222;Молниезащита
1630;009;Благоустройство территории;043;Благоустройство территории;119;Комплекс работ по благоустройству, озеленению;529;Земляные работы (благоустройство)
1640;007;Внутриплощадочные наружные сети;034;Наружные внутриплощадочные сети НВК, в т.ч. дренаж;109;Внутриплощадочные НВК;361;Выпуски наружных сетей хозяйственно - бытовой и ливневой канализации
1650;007;Внутриплощадочные наружные сети;034;Наружные внутриплощадочные сети НВК, в т.ч. дренаж;109;Внутриплощадочные НВК;363;Обратная засыпка наружных сетей хозяйственно - бытовой и ливневой канализации
1660;007;Внутриплощадочные наружные сети;034;Наружные внутриплощадочные сети НВК, в т.ч. дренаж;109;Внутриплощадочные НВК;353;Обратная засыпка наружного водопровода
1670;007;Внутриплощадочные наружные сети;033;Наружные внутриплощадочные сети электроснабжения и освещения;108;Монтаж сети наружного освещения;342;Траншеи (НО) наружного освещения (земляные работы)
1680;007;Внутриплощадочные наружные сети;033;Наружные внутриплощадочные сети электроснабжения и освещения;108;Монтаж сети наружного освещения;343;Линейный монтаж (НО) наружного освещения (кабель, муфты)
1690;005;Внутренние инженерные системы;029;Внутренние слаботочные системы;075;АППЗ;226;Магистральные линии АППЗ (стояки)
1700;005;Внутренние инженерные системы;029;Внутренние слаботочные системы;077;СКУД;236;Магистральные линии СКУД (стояки)
1705;005;Внутренние инженерные системы;029;Внутренние слаботочные системы;167;РАСЦО (региональная автоматизированная система централизованного оповещения);604;Магистральные линии РАСЦО (стояки)
1710;005;Внутренние инженерные системы;029;Внутренние слаботочные системы;078;Видеонаблюдение (СОТ);241;Линейный монтаж СОТ видеонаблюдения
1720;005;Внутренние инженерные системы;029;Внутренние слаботочные системы;079;Диспетчеризация;246;Магистральные линии АСУД  диспетчеризации (стояки)
1730;005;Внутренние инженерные системы;029;Внутренние слаботочные системы;080;Телефонизация, ТВ;254;Магистральные линии ТВ (стояки)
1740;005;Внутренние инженерные системы;029;Внутренние слаботочные системы;080;Телефонизация, ТВ;251;Магистральные линии ТФ (стояки)
1750;005;Внутренние инженерные системы;047;Внутренние системы газофикации;135;Газофикация;470;Стояки АГСВ
1760;005;Внутренние инженерные системы;028;Внутренние электромонтажные системы;070;Линейный монтаж (монтаж кабеля/провода);201;Электрические линии МОП и ЛК
1770;005;Внутренние инженерные системы;028;Внутренние электромонтажные системы;070;Линейный монтаж (монтаж кабеля/провода);200;Электрические линии квартир
1780;005;Внутренние инженерные системы;028;Внутренние электромонтажные системы;070;Линейный монтаж (монтаж кабеля/провода);203;Электрические линии тех.этажа
1790;005;Внутренние инженерные системы;028;Внутренние электромонтажные системы;070;Линейный монтаж (монтаж кабеля/провода);206;Электрические линии подвала
1800;005;Внутренние инженерные системы;028;Внутренние электромонтажные системы;070;Линейный монтаж (монтаж кабеля/провода);205;Электрические линии фасада
1810;005;Внутренние инженерные системы;028;Внутренние электромонтажные системы;070;Линейный монтаж (монтаж кабеля/провода);204;Электрические линии кровли
1820;007;Внутриплощадочные наружные сети;033;Наружные внутриплощадочные сети электроснабжения и освещения;107;Внутриплощадочные НЭС;335;Линейный монтаж. Электрические сети 0,4/10 кВ (кабель, муфты)
1830;007;Внутриплощадочные наружные сети;035;Наружные внутриплощадочные слаботочные сети;111;Внутриплощадочные НСС;371;Трубопроводы, колодцы кабельной канализации сетей связи
1840;007;Внутриплощадочные наружные сети;033;Наружные внутриплощадочные сети электроснабжения и освещения;107;Внутриплощадочные НЭС;336;Обратная засыпка. Электрические сети 0,4/10 кВ
1850;007;Внутриплощадочные наружные сети;035;Наружные внутриплощадочные слаботочные сети;111;Внутриплощадочные НСС;373;Обратная засыпка кабельной канализации сетей связи
1850;009;Благоустройство территории;043;Благоустройство территории;119;Комплекс работ по благоустройству, озеленению;531;Основания из песка
1855;009;Благоустройство территории;043;Благоустройство территории;119;Комплекс работ по благоустройству, озеленению;532;Основания из щебня
1860;009;Благоустройство территории;043;Благоустройство территории;119;Комплекс работ по благоустройству, озеленению;382;Конструктивные слои дорог, площадок, тротуаров из песка, щебня, растительного грунта, устройство геотекстиля, георешёток
1860;009;Благоустройство территории;043;Благоустройство территории;119;Комплекс работ по благоустройству, озеленению;530;Геосинтетические материалы
1870;009;Благоустройство территории;043;Благоустройство территории;119;Комплекс работ по благоустройству, озеленению;383;Бортовые камни
1870;009;Благоустройство территории;043;Благоустройство территории;119;Комплекс работ по благоустройству, озеленению;533;Покрытия и основания из асфальтобетонных смесей
1870;009;Благоустройство территории;043;Благоустройство территории;119;Комплекс работ по благоустройству, озеленению;534;Покрытия из сборных бетонных изделий
1880;005;Внутренние инженерные системы;029;Внутренние слаботочные системы;075;АППЗ;225;Линейный монтаж АППЗ
1880;009;Благоустройство территории;043;Благоустройство территории;119;Комплекс работ по благоустройству, озеленению;535;Набивные покрытия и основания
1890;005;Внутренние инженерные системы;029;Внутренние слаботочные системы;077;СКУД;235;Линейный монтаж СКУД
1890;009;Благоустройство территории;043;Благоустройство территории;119;Комплекс работ по благоустройству, озеленению;537;Покрытия из резины
1895;005;Внутренние инженерные системы;029;Внутренние слаботочные системы;167;РАСЦО (региональная автоматизированная система централизованного оповещения);605;Линейный монтаж РАСЦО
1900;005;Внутренние инженерные системы;029;Внутренние слаботочные системы;132;АСКУЭ;450;Линейный монтаж систем АСКУЭ и оконечного оборудования
1900;005;Внутренние инженерные системы;029;Внутренние слаботочные системы;142;Система усиления сотовой связи (CУСС);523;Линейный монтаж СУСС
1900;009;Благоустройство территории;043;Благоустройство территории;119;Комплекс работ по благоустройству, озеленению;536;Отмостка
1910;005;Внутренние инженерные системы;029;Внутренние слаботочные системы;078;Видеонаблюдение (СОТ);240;Магистральные линии СОТ видеонаблюдения (стояки)
1920;005;Внутренние инженерные системы;029;Внутренние слаботочные системы;079;Диспетчеризация;245;Линейный монтаж АСУД  диспетчеризации
1930;005;Внутренние инженерные системы;029;Внутренние слаботочные системы;080;Телефонизация, ТВ;250;Линейный монтаж ТВ
1940;005;Внутренние инженерные системы;029;Внутренние слаботочные системы;080;Телефонизация, ТВ;249;Линейный монтаж ТФ
1950;005;Внутренние инженерные системы;029;Внутренние слаботочные системы;081;Часофикация;257;Магистральные линии часофикации (стояки)
1950;009;Благоустройство территории;043;Благоустройство территории;119;Комплекс работ по благоустройству, озеленению;538;Газоны
1960;005;Внутренние инженерные системы;029;Внутренние слаботочные системы;081;Часофикация;258;Линейный монтаж часофикации
1960;009;Благоустройство территории;043;Благоустройство территории;119;Комплекс работ по благоустройству, озеленению;539;Технические средства организации движения
1970;005;Внутренние инженерные системы;047;Внутренние системы газофикации;135;Газофикация;469;Разводка слаботочных сетей АГСВ
1980;005;Внутренние инженерные системы;047;Внутренние системы газофикации;135;Газофикация;471;Газовые счетчики и оборудование АГСВ
1990;006;Внутренние отделочные работы;030;Внутренняя отделка помещений;086;Оштукатуривание стен;494;Подготовка наружных стен под оштукатуривание
2000;005;Внутренние инженерные системы;027;Внутренние сантехнические системы (ОВ и ВК);066;Вентиляция;608;СТК. Отверстия под КИВ
2000;009;Благоустройство территории;043;Благоустройство территории;119;Комплекс работ по благоустройству, озеленению;384;Покрытия из асфальта, плитки, камней, резины, гранитного отсева, растительного грунта, заполнений георешёток
2010;006;Внутренние отделочные работы;030;Внутренняя отделка помещений;086;Оштукатуривание стен;265;Оштукатуривание стен квартир и МОП
2012;006;Внутренние отделочные работы;030;Внутренняя отделка помещений;086;Оштукатуривание стен;599;Оштукатуривание стен помещений и МОП
2020;006;Внутренние отделочные работы;030;Внутренняя отделка помещений;088;Оштукатуривание потолков;273;Выравнивание потолков квартир
2030;005;Внутренние инженерные системы;027;Внутренние сантехнические системы (ОВ и ВК);066;Вентиляция;189;Клапаны дымоудаления ПД, ДУ
2040;006;Внутренние отделочные работы;030;Внутренняя отделка помещений;092;Стяжка паркинга;282;Упрочненные полы паркинга
2050;005;Внутренние инженерные системы;027;Внутренние сантехнические системы (ОВ и ВК);067;Холодоснабжение;190;Магистральные линии холодоснабжения (стояки)
2060;005;Внутренние инженерные системы;027;Внутренние сантехнические системы (ОВ и ВК);067;Холодоснабжение;191;Линейная прокладка трубопровода холодоснабжения
2070;005;Внутренние инженерные системы;027;Внутренние сантехнические системы (ОВ и ВК);067;Холодоснабжение;193;Коллектор холодоснабжения
2080;005;Внутренние инженерные системы;027;Внутренние сантехнические системы (ОВ и ВК);064;Водоснабжение и канализация;156;Пожарные шкафы
2090;005;Внутренние инженерные системы;028;Внутренние электромонтажные системы;072;Электрооборудование и оконечные устройства;212;Вмазка эл.коробок и ЩК
2100;005;Внутренние инженерные системы;028;Внутренние электромонтажные системы;072;Электрооборудование и оконечные устройства;213;Арматура розеток, выключателей, светильников в С/У
2110;007;Внутриплощадочные наружные сети;034;Наружные внутриплощадочные сети НВК, в т.ч. дренаж;109;Внутриплощадочные НВК;350;Пожарный гидрант
2120;005;Внутренние инженерные системы;028;Внутренние электромонтажные системы;072;Электрооборудование и оконечные устройства;210;Щиты этажные (ЩЭ)
2130;005;Внутренние инженерные системы;028;Внутренние электромонтажные системы;072;Электрооборудование и оконечные устройства;211;Электрические линии и щиты встроенных помещений
2140;005;Внутренние инженерные системы;028;Внутренние электромонтажные системы;072;Электрооборудование и оконечные устройства;216;Светильники тех. помещений (в т.ч. огни на кровле)
2150;007;Внутриплощадочные наружные сети;034;Наружные внутриплощадочные сети НВК, в т.ч. дренаж;109;Внутриплощадочные НВК;360;Люки и крышки на колодцах наружных сетей хозяйственно - бытовой и ливневой канализации
2160;007;Внутриплощадочные наружные сети;033;Наружные внутриплощадочные сети электроснабжения и освещения;107;Внутриплощадочные НЭС;341;Люки и крышки на колодцах наружных электрических сетей
2170;007;Внутриплощадочные наружные сети;035;Наружные внутриплощадочные слаботочные сети;111;Внутриплощадочные НСС;372;Люки и крышки на колодцах наружных сетей связи
2180;005;Внутренние инженерные системы;029;Внутренние слаботочные системы;076;Радиофикация (РФ, ГО и ЧС);232;Магистральные линии системы радиофикации (стояки)
2190;005;Внутренние инженерные системы;029;Внутренние слаботочные системы;076;Радиофикация (РФ, ГО и ЧС);231;Линейный монтаж системы радиофикации
2200;006;Внутренние отделочные работы;030;Внутренняя отделка помещений;091;Стяжка помещений;277;Фиброцементная стяжка (квартиры и МОП)
2210;006;Внутренние отделочные работы;030;Внутренняя отделка помещений;091;Стяжка помещений;281;Плавающий пол из фибробетона
2210;006;Внутренние отделочные работы;030;Внутренняя отделка помещений;091;Стяжка помещений;600;Фиброцементная стяжка (помещений и МОП)
2220;004;Надземная часть здания;024;Витражное остекление;057;Витражное остекление;125;Каркасы витражных конструкций
2225;004;Надземная часть здания;024;Витражное остекление;057;Витражное остекление;540;Каркасы тёплых витражей
2230;006;Внутренние отделочные работы;030;Внутренняя отделка помещений;091;Стяжка помещений;279;Фиброцементная стяжка (квартирные балконы)
2235;004;Надземная часть здания;024;Витражное остекление;057;Витражное остекление;541;Утеплитель до заполнения тёплых витражей
2240;006;Внутренние отделочные работы;030;Внутренняя отделка помещений;097;Керамическая плитка;291;Плитка стен в с/у
2240;006;Внутренние отделочные работы;030;Внутренняя отделка помещений;097;Керамическая плитка;587;Плитка стен в с/у (ДОО)
2240;006;Внутренние отделочные работы;030;Внутренняя отделка помещений;103;Отделка бассейна;603;Облицовка плиткой чаши бассейна
2245;004;Надземная часть здания;024;Витражное остекление;057;Витражное остекление;542;Глухое остекление тёплых витражей
2250;004;Надземная часть здания;024;Витражное остекление;057;Витражное остекление;126;Глухое витражное остекление
2255;004;Надземная часть здания;024;Витражное остекление;057;Витражное остекление;543;Наружные нащельники и межэтажные швы тёплых витражей
2260;004;Надземная часть здания;025;Конструкции металлические;059;Конструкции металлические;440;Ограждения лестниц
2265;004;Надземная часть здания;024;Витражное остекление;057;Витражное остекление;544;Внутренние нащельники тёплых витражей
2270;006;Внутренние отделочные работы;030;Внутренняя отделка помещений;091;Стяжка помещений;280;Обмазочная гидроизоляция
2275;004;Надземная часть здания;024;Витражное остекление;057;Витражное остекление;545;Открывающиеся створки и двери тёплых витражей
2275;006;Внутренние отделочные работы;030;Внутренняя отделка помещений;103;Отделка бассейна;601;Гидроизоляция чаши бассейна
2280;006;Внутренние отделочные работы;030;Внутренняя отделка помещений;097;Керамическая плитка;421;Теплый пол
2285;004;Надземная часть здания;024;Витражное остекление;057;Витражное остекление;546;Отливы витражных конструкций
2290;006;Внутренние отделочные работы;030;Внутренняя отделка помещений;097;Керамическая плитка;292;Плитка пола и 1-го ряда стен в с/у
2300;005;Внутренние инженерные системы;027;Внутренние сантехнические системы (ОВ и ВК);064;Водоснабжение и канализация;596;Трапы
2300;006;Внутренние отделочные работы;030;Внутренняя отделка помещений;098;Отделка технических помещений;296;Отделка водомерного узла
2310;006;Внутренние отделочные работы;030;Внутренняя отделка помещений;098;Отделка технических помещений;299;Отделка насосной
2315;006;Внутренние отделочные работы;030;Внутренняя отделка помещений;103;Отделка бассейна;598;Облицовка плиткой стен и пола помещения бассейна
2320;005;Внутренние инженерные системы;027;Внутренние сантехнические системы (ОВ и ВК);064;Водоснабжение и канализация;157;Насосные установки противопожарного водоснабжения
2330;005;Внутренние инженерные системы;027;Внутренние сантехнические системы (ОВ и ВК);064;Водоснабжение и канализация;158;Циркуляционные насосные установки
2340;005;Внутренние инженерные системы;027;Внутренние сантехнические системы (ОВ и ВК);064;Водоснабжение и канализация;478;Повысительные насосные установки
2350;006;Внутренние отделочные работы;030;Внутренняя отделка помещений;098;Отделка технических помещений;298;Отделка кабельного ввода
2350;006;Внутренние отделочные работы;030;Внутренняя отделка помещений;103;Отделка бассейна;602;Испытания гидроизоляции чаши бассейна
2360;006;Внутренние отделочные работы;030;Внутренняя отделка помещений;098;Отделка технических помещений;295;Отделка ГРЩ
2370;005;Внутренние инженерные системы;028;Внутренние электромонтажные системы;072;Электрооборудование и оконечные устройства;221;ВРУ
2380;005;Внутренние инженерные системы;028;Внутренние электромонтажные системы;072;Электрооборудование и оконечные устройства;220;ГРЩ
2390;007;Внутриплощадочные наружные сети;033;Наружные внутриплощадочные сети электроснабжения и освещения;107;Внутриплощадочные НЭС;339;Расключение ГРЩ. Электрические сети 0,4/10 кВ
2400;006;Внутренние отделочные работы;030;Внутренняя отделка помещений;104;Шумоизоляция;311;Акустические панели
2410;006;Внутренние отделочные работы;030;Внутренняя отделка помещений;127;Потолки из ГКЛ с подсистемой;405;Потолки из ГКЛ с подсистемой
2420;006;Внутренние отделочные работы;030;Внутренняя отделка помещений;098;Отделка технических помещений;297;Отделка ИТП
2430;005;Внутренние инженерные системы;027;Внутренние сантехнические системы (ОВ и ВК);065;Отопление;178;ИТП и УУТЭ
2440;005;Внутренние инженерные системы;027;Внутренние сантехнические системы (ОВ и ВК);065;Отопление;180;Приточные установки системы теплоснабжения
2450;002;Организация строительной площадки (ПОС);008;Временные дороги и площадки;011;Временные площадки;027;Демонтаж временных площадок складирования
2460;006;Внутренние отделочные работы;030;Внутренняя отделка помещений;098;Отделка технических помещений;301;Отделка венткамер
2470;006;Внутренние отделочные работы;030;Внутренняя отделка помещений;093;Выравнивание поверхности стен и потолков;283;Подготовка стен и потолков в квартирах
2480;002;Организация строительной площадки (ПОС);006;Временное ограждение строительной площадки;006;Ограждение;017;Демонтаж ж/б плит ограждения
2480;005;Внутренние инженерные системы;027;Внутренние сантехнические системы (ОВ и ВК);066;Вентиляция;551;СТК. Вент. оборудование
2490;006;Внутренние отделочные работы;030;Внутренняя отделка помещений;093;Выравнивание поверхности стен и потолков;457;Подготовка стен МОП
2500;005;Внутренние инженерные системы;028;Внутренние электромонтажные системы;074;ПНР (испытание/тестирование);512;ПНР грузоподъемного крана
2500;006;Внутренние отделочные работы;030;Внутренняя отделка помещений;089;Окраска потолков;274;Окраска потолков 1 слой
2510;006;Внутренние отделочные работы;030;Внутренняя отделка помещений;097;Керамическая плитка;455;Плитка на балконах
2520;005;Внутренние инженерные системы;026;Вертикальный транспорт;060;Лифты;144;Отделка в шахтах лифта
2530;005;Внутренние инженерные системы;026;Вертикальный транспорт;060;Лифты;139;Кронштейны и направляющие лифта
2540;004;Надземная часть здания;023;Кровля;054;Покрытие террасы;119;Покрытия террасы
2550;004;Надземная часть здания;020;Фасады;038;Мокрые штукатурные фасады;093;Минераловатные плиты утеплителя (надстроек на кровле)
2560;004;Надземная часть здания;020;Фасады;038;Мокрые штукатурные фасады;094;Армирующий слой фасадов (надстроек на кровле)
2570;004;Надземная часть здания;020;Фасады;038;Мокрые штукатурные фасады;095;Декоративное оштукатуривание фасада по минераловатной плите (надстроек на кровле)
2570;004;Надземная часть здания;023;Кровля;053;Скатная кровля;614;Обшивка стен надстроек металлом
2580;004;Надземная часть здания;023;Кровля;055;Окрытия и прочие свесы;121;Окрытия надстройки
2590;004;Надземная часть здания;023;Кровля;055;Окрытия и прочие свесы;123;Окрытия балконов верхних этажей
2600;004;Надземная часть здания;023;Кровля;055;Окрытия и прочие свесы;120;Окрытия парапетов
2610;004;Надземная часть здания;020;Фасады;038;Мокрые штукатурные фасады;088;"Декоративное оштукатуривание ""мокрого"" фасада (с балконов)"
2620;004;Надземная часть здания;025;Конструкции металлические;059;Конструкции металлические;415;Ограждения французских балконов
2630;004;Надземная часть здания;020;Фасады;038;Мокрые штукатурные фасады;087;"Декоративное оштукатуривание ""мокрого"" фасада (с лесов)"
2640;004;Надземная часть здания;020;Фасады;038;Мокрые штукатурные фасады;091;Оштукатуривание потолков балконов (лоджий)
2640;005;Внутренние инженерные системы;027;Внутренние сантехнические системы (ОВ и ВК);066;Вентиляция;610;СТК. Решетки КИВ на фасадах
2650;004;Надземная часть здания;020;Фасады;038;Мокрые штукатурные фасады;433;Покраска фасадной краской (с балконов, 1й слой)
2660;004;Надземная часть здания;020;Фасады;038;Мокрые штукатурные фасады;435;Покраска фасадной краской (с лесов, 1й слой)
2670;004;Надземная часть здания;020;Фасады;038;Мокрые штукатурные фасады;089;"Покраска ""мокрого"" фасада (с балконов в 2 слоя)"
2680;007;Внутриплощадочные наружные сети;032;Наружные внутриплощадочные сети теплоснабжения;106;Внутриплощадочные НТС;324;Тепловая камера
2690;004;Надземная часть здания;020;Фасады;038;Мокрые штукатурные фасады;090;"Покраска ""мокрого"" фасада (с лесов в 2 слоя)"
2700;004;Надземная часть здания;020;Фасады;038;Мокрые штукатурные фасады;092;Окраска потолков балконов (лоджий)
2710;004;Надземная часть здания;020;Фасады;038;Мокрые штукатурные фасады;096;Покраска фасадной краской (надстроек на кровле в 2 слоя)
2720;004;Надземная часть здания;021;Окна;042;Оконные и дверные балконные блоки;102;Отливы оконных блоков
2730;004;Надземная часть здания;020;Фасады;038;Мокрые штукатурные фасады;434;Покраска фасадной краской (с балконов, 2й слой)
2740;004;Надземная часть здания;024;Витражное остекление;057;Витражное остекление;129;Нащельники и устройство межэтажных швов
2750;004;Надземная часть здания;025;Конструкции металлические;059;Конструкции металлические;132;Ограждения балконов
2760;004;Надземная часть здания;025;Конструкции металлические;059;Конструкции металлические;134;Ограждения кровли
2765;004;Надземная часть здания;025;Конструкции металлические;059;Конструкции металлические;611;Крюки для альпинистов
2770;002;Организация строительной площадки (ПОС);007;Временные здания и сооружения;008;Пост мойки колес;021;Демонтаж поста мойки колес
2780;002;Организация строительной площадки (ПОС);007;Временные здания и сооружения;009;Бытовой городок;023;Демонтаж бытового городка
2790;005;Внутренние инженерные системы;027;Внутренние сантехнические системы (ОВ и ВК);064;Водоснабжение и канализация;155;Горизонтальная разводка по с/у
2800;004;Надземная часть здания;020;Фасады;038;Мокрые штукатурные фасады;436;Покраска фасадной краской (с лесов, 2й слой)
2810;006;Внутренние отделочные работы;030;Внутренняя отделка помещений;094;Короба МОП и с/у;284;Каркасы коробов в с/у
2820;006;Внутренние отделочные работы;030;Внутренняя отделка помещений;094;Короба МОП и с/у;285;Каркасы коробов в МОП
2830;004;Надземная часть здания;024;Витражное остекление;057;Витражное остекление;127;Открывающиеся створки витражей
2840;004;Надземная часть здания;020;Фасады;037;Навесные вентилируемые фасады;445;Утеплитель до облицовочной кладки
2850;004;Надземная часть здания;022;Двери;044;Двери МОП;104;Двери в МОП
2860;006;Внутренние отделочные работы;030;Внутренняя отделка помещений;098;Отделка технических помещений;304;Отделка иных специальных помещений (КУИ и пр.)
2870;006;Внутренние отделочные работы;030;Внутренняя отделка помещений;098;Отделка технических помещений;302;Отделка помещений диспетчерской и охраны
2880;006;Внутренние отделочные работы;030;Внутренняя отделка помещений;094;Короба МОП и с/у;453;Каркасы коробов в ЛК
2890;004;Надземная часть здания;022;Двери;045;Входные двери квартир/помещений;105;Входные двери квартир/помещений
2900;010;Услуги Заказчика строительства / Генподрядчика;044;Организация работы крана башенного;120;Башенные краны;393;Демонтаж фундаментов под башенные краны
2910;007;Внутриплощадочные наружные сети;032;Наружные внутриплощадочные сети теплоснабжения;106;Внутриплощадочные НТС;319;Наружные тепловые сети из полимерных и коррозионностойких трубопроводов
2920;003;Работы нулевого цикла;015;Конструкция цокольного этажа, в т.ч. приямки, крыльца, пандусы и съезды;026;Бетонирование конструкций цокольной части;414;Бетонирование пандусов
2930;004;Надземная часть здания;022;Двери;044;Двери МОП;420;Двери переходных балконов
2940;006;Внутренние отделочные работы;030;Внутренняя отделка помещений;083;Откосы и подоконники;474;Оштукатуривание откосов
2950;004;Надземная часть здания;020;Фасады;041;Облицовка фасадов лицевым кирпичом;099;Облицовка фасадов лицевым кирпичом
2960;006;Внутренние отделочные работы;030;Внутренняя отделка помещений;083;Откосы и подоконники;262;Откосы и подоконники
2970;004;Надземная часть здания;020;Фасады;040;Облицовка цоколя плитами из керамогранита;098;Облицовка цоколя плитами из керамогранита
2970;004;Надземная часть здания;020;Фасады;040;Облицовка цоколя плитами из керамогранита;547;Утеплитель цоколя
2980;004;Надземная часть здания;020;Фасады;040;Облицовка цоколя плитами из керамогранита;548;Армирующий слой цоколя
2980;006;Внутренние отделочные работы;030;Внутренняя отделка помещений;083;Откосы и подоконники;497;Откосы дверей
2990;004;Надземная часть здания;020;Фасады;040;Облицовка цоколя плитами из керамогранита;549;Камень (плитка) цоколя
2990;004;Надземная часть здания;025;Конструкции металлические;059;Конструкции металлические;135;Металлоконструкции входных групп
3000;004;Надземная часть здания;020;Фасады;039;Фасады сэндвич панелей;097;Сэндвич панели (фасад надземного паркинга)
3010;004;Надземная часть здания;022;Двери;046;Ворота паркинга;106;Ворота паркинга
3020;006;Внутренние отделочные работы;030;Внутренняя отделка помещений;083;Откосы и подоконники;496;Откосы окон
3030;006;Внутренние отделочные работы;030;Внутренняя отделка помещений;083;Откосы и подоконники;475;Подоконники
3040;005;Внутренние инженерные системы;028;Внутренние электромонтажные системы;072;Электрооборудование и оконечные устройства;209;Расключение щитов квартирных (ЩК)
3050;005;Внутренние инженерные системы;028;Внутренние электромонтажные системы;072;Электрооборудование и оконечные устройства;438;Оборудование щитов этажных (счётчики, автоматы)
3060;005;Внутренние инженерные системы;029;Внутренние слаботочные системы;075;АППЗ;229;Щиты ПД/ДУ и т.д.
3070;005;Внутренние инженерные системы;029;Внутренние слаботочные системы;077;СКУД;238;Вызывные панели + щиты СКУД
3080;006;Внутренние отделочные работы;030;Внутренняя отделка помещений;087;Отделка лестничной клетки;268;Утеплитель ЛК
3090;006;Внутренние отделочные работы;030;Внутренняя отделка помещений;087;Отделка лестничной клетки;269;Армирующий слой утеплителя ЛК
3100;005;Внутренние инженерные системы;027;Внутренние сантехнические системы (ОВ и ВК);065;Отопление;181;Гидравлические испытания системы отопления
3110;005;Внутренние инженерные системы;027;Внутренние сантехнические системы (ОВ и ВК);064;Водоснабжение и канализация;160;Санитарный фаянс, полотенцесушители
3120;005;Внутренние инженерные системы;027;Внутренние сантехнические системы (ОВ и ВК);064;Водоснабжение и канализация;159;Водомерный узел
3130;005;Внутренние инженерные системы;027;Внутренние сантехнические системы (ОВ и ВК);064;Водоснабжение и канализация;162;Гидравлические испытания систем ХВС, ГВС
3140;007;Внутриплощадочные наружные сети;032;Наружные внутриплощадочные сети теплоснабжения;106;Внутриплощадочные НТС;330;Неподвижная опора тепловой сети
3150;007;Внутриплощадочные наружные сети;032;Наружные внутриплощадочные сети теплоснабжения;106;Внутриплощадочные НТС;318;Наружные тепловые сети, бесканальная прокладка
3160;005;Внутренние инженерные системы;027;Внутренние сантехнические системы (ОВ и ВК);064;Водоснабжение и канализация;171;Испытания системы хоз-быт канализации проливом
3170;005;Внутренние инженерные системы;027;Внутренние сантехнические системы (ОВ и ВК);064;Водоснабжение и канализация;163;Гидравлические испытания противопожарного водопровода В2
3180;005;Внутренние инженерные системы;027;Внутренние сантехнические системы (ОВ и ВК);065;Отопление;182;Тепловые испытания системы отопления, теплоснабжения
3190;005;Внутренние инженерные системы;027;Внутренние сантехнические системы (ОВ и ВК);064;Водоснабжение и канализация;169;Испытания ливневой канализации К2 методом наполнения
3200;005;Внутренние инженерные системы;027;Внутренние сантехнические системы (ОВ и ВК);066;Вентиляция;403;Магистрали системы воздуховодов в подвале и (или) тех. этаже
3210;005;Внутренние инженерные системы;028;Внутренние электромонтажные системы;071;Кабельные конструкции (лоток);208;Кабельные конструкции (короб, лоток)
3220;005;Внутренние инженерные системы;027;Внутренние сантехнические системы (ОВ и ВК);064;Водоснабжение и канализация;165;Система АУВПТ
3220;006;Внутренние отделочные работы;030;Внутренняя отделка помещений;091;Стяжка помещений;278;Фиброцементная стяжка (переходные балконы и межэтажные перекрытия)
3230;005;Внутренние инженерные системы;027;Внутренние сантехнические системы (ОВ и ВК);066;Вентиляция;448;Транзитные воздуховоды систем вентиляции коммерческих помещений
3240;006;Внутренние отделочные работы;030;Внутренняя отделка помещений;103;Отделка бассейна;310;Гидроизоляция и отделка бассейна
3250;005;Внутренние инженерные системы;027;Внутренние сантехнические системы (ОВ и ВК);064;Водоснабжение и канализация;168;Изоляция систем ХВС, ГВС
3260;006;Внутренние отделочные работы;030;Внутренняя отделка помещений;094;Короба МОП и с/у;286;Зашивка коробов в с/у
3260;006;Внутренние отделочные работы;030;Внутренняя отделка помещений;094;Короба МОП и с/у;585;Зашивка коробов в с/у (ДОО)
3270;006;Внутренние отделочные работы;030;Внутренняя отделка помещений;084;Натяжные потолки;481;Пристенный кант потолка
3280;006;Внутренние отделочные работы;030;Внутренняя отделка помещений;084;Натяжные потолки;263;Натяжные потолки
3290;005;Внутренние инженерные системы;026;Вертикальный транспорт;060;Лифты;464;Металлический каркас лифта (бизнес)
3300;006;Внутренние отделочные работы;030;Внутренняя отделка помещений;084;Натяжные потолки;480;Натяжные потолки в с/у
3310;006;Внутренние отделочные работы;030;Внутренняя отделка помещений;097;Керамическая плитка;293;Плитка в МОП
3325;006;Внутренние отделочные работы;030;Внутренняя отделка помещений;103;Отделка бассейна;597;Гидроизоляция стен и пола помещения бассейна
3330;004;Надземная часть здания;025;Конструкции металлические;059;Конструкции металлические;136;Колёсоотбойные ограждения
3340;005;Внутренние инженерные системы;029;Внутренние слаботочные системы;080;Телефонизация, ТВ;255;Распределительные коробки и оконечное оборудование ТВ
3350;005;Внутренние инженерные системы;029;Внутренние слаботочные системы;080;Телефонизация, ТВ;252;Распределительные коробки и оконечное оборудование ТФ
3360;006;Внутренние отделочные работы;030;Внутренняя отделка помещений;097;Керамическая плитка;468;Плитка МОП стены (бизнес)
3370;004;Надземная часть здания;021;Окна;042;Оконные и дверные балконные блоки;437;Алюминиевые оконные блоки
3370;004;Надземная часть здания;021;Окна;042;Оконные и дверные балконные блоки;594;Металлические окна
3380;010;Услуги Заказчика строительства / Генподрядчика;045;Грузоподъёмные механизмы;121;Грузоподъёмники;395;Демонтаж грузоподъёмников
3390;005;Внутренние инженерные системы;027;Внутренние сантехнические системы (ОВ и ВК);065;Отопление;447;Конвекторы
3400;006;Внутренние отделочные работы;030;Внутренняя отделка помещений;102;Нанесение разметки;309;Разметка в паркинге
3410;005;Внутренние инженерные системы;027;Внутренние сантехнические системы (ОВ и ВК);065;Отопление;179;Счётчики учёта (отопление)
3420;004;Надземная часть здания;020;Фасады;037;Навесные вентилируемые фасады;082;Камень (плитка) вентфасада
3430;007;Внутриплощадочные наружные сети;033;Наружные внутриплощадочные сети электроснабжения и освещения;108;Монтаж сети наружного освещения;345;Анкерное основание опор (НО) наружного освещения с учетом земляных работ
3440;007;Внутриплощадочные наружные сети;033;Наружные внутриплощадочные сети электроснабжения и освещения;108;Монтаж сети наружного освещения;346;Опоры, светильники, тестирование (НО) наружного освещения
3450;007;Внутриплощадочные наружные сети;033;Наружные внутриплощадочные сети электроснабжения и освещения;108;Монтаж сети наружного освещения;344;Обратная засыпка сети (НО) наружного освещения
3460;007;Внутриплощадочные наружные сети;033;Наружные внутриплощадочные сети электроснабжения и освещения;108;Монтаж сети наружного освещения;347;Щит управления (НО) наружного освещения
3470;009;Благоустройство территории;043;Благоустройство территории;119;Комплекс работ по благоустройству, озеленению;388;Разметка, дорожные знаки, иное оборудование организации дорожного движения
3480;007;Внутриплощадочные наружные сети;033;Наружные внутриплощадочные сети электроснабжения и освещения;107;Внутриплощадочные НЭС;340;БКТП
3490;002;Организация строительной площадки (ПОС);008;Временные дороги и площадки;011;Временные площадки;029;Демонтаж площадки для размещения бытового городка
3500;007;Внутриплощадочные наружные сети;033;Наружные внутриплощадочные сети электроснабжения и освещения;107;Внутриплощадочные НЭС;338;Расключение БКТП. Электрические сети 0,4/10 кВ
3510;009;Благоустройство территории;043;Благоустройство территории;119;Комплекс работ по благоустройству, озеленению;385;Озеленение (деревья, кустарники)
3520;005;Внутренние инженерные системы;028;Внутренние электромонтажные системы;072;Электрооборудование и оконечные устройства;485;Архитектурная подсветка здания
3530;004;Надземная часть здания;023;Кровля;056;Наружная водосточная система;124;Наружная водосточная система
3540;006;Внутренние отделочные работы;030;Внутренняя отделка помещений;097;Керамическая плитка;467;Плитка МОП полы (бизнес)
3550;004;Надземная часть здания;024;Витражное остекление;058;Стеклянные конструкции;463;Заполнение каркасов ограждений кровли стеклом (бизнес)
3560;005;Внутренние инженерные системы;027;Внутренние сантехнические системы (ОВ и ВК);066;Вентиляция;187;Вентиляторы, решетки и КИВ в квартирах
3560;005;Внутренние инженерные системы;027;Внутренние сантехнические системы (ОВ и ВК);066;Вентиляция;607;Вентиляторы вытяжные, решетки, диффузоры
3570;005;Внутренние инженерные системы;027;Внутренние сантехнические системы (ОВ и ВК);065;Отопление;183;Изоляция систем отопления, теплоснабжения
3580;005;Внутренние инженерные системы;027;Внутренние сантехнические системы (ОВ и ВК);064;Водоснабжение и канализация;161;Счётчики ХВС, ГВС
3590;004;Надземная часть здания;024;Витражное остекление;058;Стеклянные конструкции;130;Стеклянные козырьки
3600;005;Внутренние инженерные системы;026;Вертикальный транспорт;062;Подъёмники для маломобильных групп населения;148;Подъёмники для маломобильных групп населения
3610;004;Надземная часть здания;024;Витражное остекление;057;Витражное остекление;128;Витражи встроенных помещений
3620;005;Внутренние инженерные системы;028;Внутренние электромонтажные системы;073;Молниезащита;490;Контур заземления молниезащиты (в т.ч. опуски по фасаду)
3630;009;Благоустройство территории;043;Благоустройство территории;119;Комплекс работ по благоустройству, озеленению;386;Малые архитектурные формы
3640;009;Благоустройство территории;043;Благоустройство территории;119;Комплекс работ по благоустройству, озеленению;387;Ограждения площадок и сооружений
3650;007;Внутриплощадочные наружные сети;032;Наружные внутриплощадочные сети теплоснабжения;106;Внутриплощадочные НТС;332;Оборудование котельной
3660;005;Внутренние инженерные системы;026;Вертикальный транспорт;060;Лифты;141;Этажные двери шахт лифтов (порталов)
3670;006;Внутренние отделочные работы;030;Внутренняя отделка помещений;098;Отделка технических помещений;303;Отделка машинного помещения
3680;007;Внутриплощадочные наружные сети;032;Наружные внутриплощадочные сети теплоснабжения;106;Внутриплощадочные НТС;331;Дымоходная труба
3690;005;Внутренние инженерные системы;026;Вертикальный транспорт;060;Лифты;143;Лифтовое оборудование
3700;005;Внутренние инженерные системы;026;Вертикальный транспорт;060;Лифты;140;Оборудование лифтового приямка
3710;005;Внутренние инженерные системы;026;Вертикальный транспорт;124;Эскалаторы;461;Направляющие и каркас эскалатора
3720;009;Благоустройство территории;043;Благоустройство территории;119;Комплекс работ по благоустройству, озеленению;389;Табличка номера корпуса (милицейский адрес)
3730;005;Внутренние инженерные системы;026;Вертикальный транспорт;125;Гидравлические подъемники;400;Гидравлические подъёмники
3740;004;Надземная часть здания;024;Витражное остекление;058;Стеклянные конструкции;131;Стеклянные ограждения террас
3750;006;Внутренние отделочные работы;030;Внутренняя отделка помещений;094;Короба МОП и с/у;287;Зашивка коробов в МОП
3750;006;Внутренние отделочные работы;030;Внутренняя отделка помещений;094;Короба МОП и с/у;586;Зашивка коробов в МОП (ДОО)
3755;006;Внутренние отделочные работы;030;Внутренняя отделка помещений;136;Сантехнические модули;583;Каркасы и утепление СТМ
3760;007;Внутриплощадочные наружные сети;034;Наружные внутриплощадочные сети НВК, в т.ч. дренаж;110;Прифундаментный дренаж;369;Люки и крышки на колодцах прифундаментного дренажа
3770;006;Внутренние отделочные работы;030;Внутренняя отделка помещений;094;Короба МОП и с/у;454;Зашивка коробов в ЛК
3780;004;Надземная часть здания;024;Витражное остекление;057;Витражное остекление;473;ПВХ витражи
3780;006;Внутренние отделочные работы;030;Внутренняя отделка помещений;136;Сантехнические модули;584;Зашивка СТМ
3790;006;Внутренние отделочные работы;030;Внутренняя отделка помещений;097;Керамическая плитка;456;Плитка в коридорах квартир
3800;006;Внутренние отделочные работы;030;Внутренняя отделка помещений;096;Отделка стен МОП;290;Декоративная штукатурка стен МОП
3810;005;Внутренние инженерные системы;026;Вертикальный транспорт;060;Лифты;145;Обрамления дверей шахт лифтов (порталов)
3820;005;Внутренние инженерные системы;026;Вертикальный транспорт;060;Лифты;142;Кабина лифта
3830;005;Внутренние инженерные системы;026;Вертикальный транспорт;060;Лифты;465;Остекление каркаса лифта (бизнес)
3840;006;Внутренние отделочные работы;030;Внутренняя отделка помещений;095;Подвесной потолок;288;Каркасы подвесного потолка
3850;006;Внутренние отделочные работы;030;Внутренняя отделка помещений;098;Отделка технических помещений;300;Отделка мусоросборной камеры
3860;005;Внутренние инженерные системы;029;Внутренние слаботочные системы;075;АППЗ;228;Оконечное оборудование АППЗ, приборы в МОП (извещатели, релейные модули и т.п.)
3870;005;Внутренние инженерные системы;028;Внутренние электромонтажные системы;072;Электрооборудование и оконечные устройства;218;Светильники МОП
3880;006;Внутренние отделочные работы;030;Внутренняя отделка помещений;099;Обои;305;Оклейка обоями
3890;005;Внутренние инженерные системы;029;Внутренние слаботочные системы;077;СКУД;237;Оконечное оборудование СКУД на этажах (трубки, разветвители)
3895;005;Внутренние инженерные системы;029;Внутренние слаботочные системы;167;РАСЦО (региональная автоматизированная система централизованного оповещения);606;Оконечное оборудование РАСЦО
3900;005;Внутренние инженерные системы;029;Внутренние слаботочные системы;076;Радиофикация (РФ, ГО и ЧС);233;Оконечное оборудование в квартирах и МОП системы радиофикации
3910;006;Внутренние отделочные работы;030;Внутренняя отделка помещений;089;Окраска потолков;275;Окраска потолков 2 слой
3920;006;Внутренние отделочные работы;030;Внутренняя отделка помещений;099;Обои;306;Окраска обоев
3925;005;Внутренние инженерные системы;027;Внутренние сантехнические системы (ОВ и ВК);066;Вентиляция;609;СТК. КИВ в помещениях
3930;004;Надземная часть здания;021;Окна;042;Оконные и дверные балконные блоки;101;Регулировка окон, установка air box, фурнитуры, снятие пленки
3940;005;Внутренние инженерные системы;028;Внутренние электромонтажные системы;070;Линейный монтаж (монтаж кабеля/провода);486;Кабельные линии зарядных станций
3950;005;Внутренние инженерные системы;026;Вертикальный транспорт;061;Автомобильные подъемники;147;Автомобильные подъёмники
3960;007;Внутриплощадочные наружные сети;032;Наружные внутриплощадочные сети теплоснабжения;106;Внутриплощадочные НТС;333;ПНР оборудования котельной
3970;006;Внутренние отделочные работы;030;Внутренняя отделка помещений;100;Ламинат;307;Ламинат/Кварц-винил
3980;006;Внутренние отделочные работы;030;Внутренняя отделка помещений;130;Линолеум;418;Линолеум
3990;006;Внутренние отделочные работы;030;Внутренняя отделка помещений;085;Межкомнатные двери;264;Межкомнатные двери в квартирах
4000;006;Внутренние отделочные работы;030;Внутренняя отделка помещений;101;Плинтусы;308;Плинтусы
4010;006;Внутренние отделочные работы;030;Внутренняя отделка помещений;096;Отделка стен МОП;458;HPL панели
4020;005;Внутренние инженерные системы;028;Внутренние электромонтажные системы;072;Электрооборудование и оконечные устройства;214;Фурнитура розеток, выключателей + терморегуляторы
4030;004;Надземная часть здания;022;Двери;123;Автоматические раздвижные двери;397;Автоматические раздвижные двери
4040;006;Внутренние отделочные работы;030;Внутренняя отделка помещений;136;Сантехнические модули;476;Сантехнические модули
4050;006;Внутренние отделочные работы;030;Внутренняя отделка помещений;095;Подвесной потолок;289;Заполнение подвесного потолка
4060;006;Внутренние отделочные работы;030;Внутренняя отделка помещений;129;Сантехнические перегородки;407;Сантехнические перегородки
4070;006;Внутренние отделочные работы;030;Внутренняя отделка помещений;128;Стеклянные перегородки;406;Стеклянные перегородки
4080;005;Внутренние инженерные системы;029;Внутренние слаботочные системы;075;АППЗ;227;Оконечное оборудование АППЗ в квартирах
4090;006;Внутренние отделочные работы;030;Внутренняя отделка помещений;095;Подвесной потолок;482;Потолок Лифт-холл
4100;005;Внутренние инженерные системы;028;Внутренние электромонтажные системы;072;Электрооборудование и оконечные устройства;462;Устройство навигации (бизнес)
4110;005;Внутренние инженерные системы;028;Внутренние электромонтажные системы;072;Электрооборудование и оконечные устройства;483;Светильники Лифт-холл
4120;006;Внутренние отделочные работы;030;Внутренняя отделка помещений;090;Окраска стен МОП;276;Окраска стен МОП
4130;006;Внутренние отделочные работы;030;Внутренняя отделка помещений;126;Стеновые панели;404;Стеновые панели
4140;006;Внутренние отделочные работы;030;Внутренняя отделка помещений;087;Отделка лестничной клетки;271;Оштукатуривание стен ЛК
4150;006;Внутренние отделочные работы;030;Внутренняя отделка помещений;087;Отделка лестничной клетки;270;Декоративное оштукатуривание ЛК
4160;006;Внутренние отделочные работы;030;Внутренняя отделка помещений;087;Отделка лестничной клетки;267;Отделка потолков и нижних поверхностей ЛМ и площадок
4170;006;Внутренние отделочные работы;030;Внутренняя отделка помещений;087;Отделка лестничной клетки;272;Окраска стен ЛК
4175;006;Внутренние отделочные работы;030;Внутренняя отделка помещений;090;Окраска стен МОП;595;Окраска стен 2 слой
4180;005;Внутренние инженерные системы;028;Внутренние электромонтажные системы;072;Электрооборудование и оконечные устройства;215;Светильники ЛК
4190;005;Внутренние инженерные системы;028;Внутренние электромонтажные системы;072;Электрооборудование и оконечные устройства;487;Щиты зарядных станций
4200;009;Благоустройство территории;043;Благоустройство территории;119;Комплекс работ по благоустройству, озеленению;408;Площадки ТБО
4210;005;Внутренние инженерные системы;028;Внутренние электромонтажные системы;072;Электрооборудование и оконечные устройства;219;Таблички, указатели, аварийные знаки (осветительное оборудование в МОП)
4220;009;Благоустройство территории;043;Благоустройство территории;119;Комплекс работ по благоустройству, озеленению;409;Шлагбаумы
4230;005;Внутренние инженерные системы;029;Внутренние слаботочные системы;081;Часофикация;259;Оконечное оборудование часофикации
4240;005;Внутренние инженерные системы;027;Внутренние сантехнические системы (ОВ и ВК);066;Вентиляция;188;Испытания вентиляционных систем
4250;005;Внутренние инженерные системы;026;Вертикальный транспорт;060;Лифты;146;ПНР лифтового оборудования
4250;005;Внутренние инженерные системы;029;Внутренние слаботочные системы;142;Система усиления сотовой связи (CУСС);524;Оконечное оборудование СУСС
4260;005;Внутренние инженерные системы;029;Внутренние слаботочные системы;079;Диспетчеризация;247;Оконечное оборудование АСУД  диспетчеризации
4270;005;Внутренние инженерные системы;029;Внутренние слаботочные системы;078;Видеонаблюдение (СОТ);242;Оконечное оборудование СОТ видеонаблюдения
4280;005;Внутренние инженерные системы;029;Внутренние слаботочные системы;075;АППЗ;430;Установка оконечного оборудования АППЗ, приборов управления (извещатели, релейные модули и т.п.)
4290;005;Внутренние инженерные системы;026;Вертикальный транспорт;125;Гидравлические подъемники;402;ПНР гидравлических подъёмников
4300;005;Внутренние инженерные системы;029;Внутренние слаботочные системы;079;Диспетчеризация;244;Слаботочное оборудование в диспетчерской
4310;006;Внутренние отделочные работы;031;Оборудование, мебель, инвентарь, аксессуары;105;Оборудование, мебель, инвентарь;313;Немонтируемое оборудование
4320;005;Внутренние инженерные системы;026;Вертикальный транспорт;124;Эскалаторы;398;Сборка эскалатора
4330;006;Внутренние отделочные работы;031;Оборудование, мебель, инвентарь, аксессуары;105;Оборудование, мебель, инвентарь;315;Оборудование пищеблока
4340;006;Внутренние отделочные работы;031;Оборудование, мебель, инвентарь, аксессуары;105;Оборудование, мебель, инвентарь;314;Оборудование медицинского блока
4350;005;Внутренние инженерные системы;029;Внутренние слаботочные системы;082;Оборудование серверной;261;Оборудование серверной
4360;004;Надземная часть здания;022;Двери;044;Двери МОП;443;Входные группы
4370;006;Внутренние отделочные работы;030;Внутренняя отделка помещений;098;Отделка технических помещений;498;Утеплитель входных групп
4380;006;Внутренние отделочные работы;030;Внутренняя отделка помещений;098;Отделка технических помещений;499;Отделка входных групп
4390;006;Внутренние отделочные работы;030;Внутренняя отделка помещений;097;Керамическая плитка;294;Плитка входных групп
4400;005;Внутренние инженерные системы;026;Вертикальный транспорт;063;Малые грузовые подъёмники;149;Малые грузовые подъёмники
4410;005;Внутренние инженерные системы;028;Внутренние электромонтажные системы;072;Электрооборудование и оконечные устройства;217;Светильники входных групп, фасада
4420;005;Внутренние инженерные системы;028;Внутренние электромонтажные системы;072;Электрооборудование и оконечные устройства;488;Зарядные станции
4430;005;Внутренние инженерные системы;028;Внутренние электромонтажные системы;072;Электрооборудование и оконечные устройства;489;Пит-стоп станции
4440;005;Внутренние инженерные системы;026;Вертикальный транспорт;125;Гидравлические подъемники;401;Обрамления дверей гидравлических подъёмников (порталов)
4450;006;Внутренние отделочные работы;031;Оборудование, мебель, инвентарь, аксессуары;105;Оборудование, мебель, инвентарь;312;Почтовые ящики
4460;005;Внутренние инженерные системы;029;Внутренние слаботочные системы;079;Диспетчеризация;248;Испытания, ПНР АСУД  диспетчеризации
4470;005;Внутренние инженерные системы;029;Внутренние слаботочные системы;081;Часофикация;260;Испытания, ПНР часофикации
4480;005;Внутренние инженерные системы;027;Внутренние сантехнические системы (ОВ и ВК);065;Отопление;479;ПНР систем отопления
4490;005;Внутренние инженерные системы;029;Внутренние слаботочные системы;078;Видеонаблюдение (СОТ);243;Испытания, ПНР СОТ видеонаблюдения
4500;005;Внутренние инженерные системы;029;Внутренние слаботочные системы;080;Телефонизация, ТВ;253;Испытания, ПНР ТФ
4500;005;Внутренние инженерные системы;029;Внутренние слаботочные системы;142;Система усиления сотовой связи (CУСС);525;ПНР СУСС
4510;004;Надземная часть здания;022;Двери;044;Двери МОП;449;Фурнитура, стекло дверей МОП
4520;005;Внутренние инженерные системы;029;Внутренние слаботочные системы;077;СКУД;239;Испытания, ПНР СКУД
4530;005;Внутренние инженерные системы;029;Внутренние слаботочные системы;080;Телефонизация, ТВ;256;Испытания, ПНР ТВ
4540;005;Внутренние инженерные системы;029;Внутренние слаботочные системы;076;Радиофикация (РФ, ГО и ЧС);234;Испытания, ПНР системы радиофикации
4550;005;Внутренние инженерные системы;029;Внутренние слаботочные системы;075;АППЗ;230;Испытания, ПНР АППЗ
4560;005;Внутренние инженерные системы;028;Внутренние электромонтажные системы;073;Молниезащита;223;Испытание молниезащиты
4570;005;Внутренние инженерные системы;028;Внутренние электромонтажные системы;074;ПНР (испытание/тестирование);224;Испытание электрической сети квартир
4580;007;Внутриплощадочные наружные сети;033;Наружные внутриплощадочные сети электроснабжения и освещения;107;Внутриплощадочные НЭС;337;Испытания электрических сетей 0,4/10 кВ
4590;005;Внутренние инженерные системы;028;Внутренние электромонтажные системы;070;Линейный монтаж (монтаж кабеля/провода);207;Комплексные испытания ЭО
4600;005;Внутренние инженерные системы;028;Внутренние электромонтажные системы;074;ПНР (испытание/тестирование);491;Сдача СКС (ЭОМ)
4610;005;Внутренние инженерные системы;027;Внутренние сантехнические системы (ОВ и ВК);067;Холодоснабжение;192;Наружный блок холодоснабжения
4620;005;Внутренние инженерные системы;027;Внутренние сантехнические системы (ОВ и ВК);067;Холодоснабжение;194;Испытания, ПНР системы холодоснабжения
4630;005;Внутренние инженерные системы;027;Внутренние сантехнические системы (ОВ и ВК);064;Водоснабжение и канализация;166;Гидравлические испытания АУВПТ
4640;005;Внутренние инженерные системы;027;Внутренние сантехнические системы (ОВ и ВК);064;Водоснабжение и канализация;167;Комплексные испытания АУВПТ
4650;005;Внутренние инженерные системы;027;Внутренние сантехнические системы (ОВ и ВК);064;Водоснабжение и канализация;164;Комплексное опробование противопожарных систем
4660;005;Внутренние инженерные системы;029;Внутренние слаботочные системы;131;СС испытание / тестирование;444;Тестирование линий слаботочных сетей
4670;005;Внутренние инженерные системы;026;Вертикальный транспорт;124;Эскалаторы;399;ПНР эскалаторов
4680;006;Внутренние отделочные работы;031;Оборудование, мебель, инвентарь, аксессуары;105;Оборудование, мебель, инвентарь;495;Монтируемое оборудование
4690;005;Внутренние инженерные системы;027;Внутренние сантехнические системы (ОВ и ВК);068;Оборудование для бассейна;195;Оборудование водоподготовки бассейна
4700;005;Внутренние инженерные системы;027;Внутренние сантехнические системы (ОВ и ВК);068;Оборудование для бассейна;196;Оборудование анализа воды
4710;006;Внутренние отделочные работы;031;Оборудование, мебель, инвентарь, аксессуары;105;Оборудование, мебель, инвентарь;316;Оборудование физкультурного зала
4720;011;Сдача в эксплуатацию;046;Сдача в эксплуатацию;122;Клининг;396;Клининг
4730;005;Внутренние инженерные системы;028;Внутренние электромонтажные системы;074;ПНР (испытание/тестирование);492;Сдача УК (ЭОМ)
